model,r2,mae,mse,rmse,mape,folds
Ridge Regression,0.8331139681619983,3.5888007123180943,21.455619594568937,4.558350567855257,5.166336330909753,5
Random Forest Regressor,0.8146770623470847,3.5402015856847777,24.005425866491883,4.748395318572068,5.415656176735235,5
XGBoost Regressor,0.778657103094831,3.8788487901874618,28.57280682628205,5.22577082026609,6.081368077249381,5
